lambda,R2,RE,CE,nRMSE,KGE
25,0.747502987182478,0.736588496729359,0.735511276960875,0.51726113328802,0.776028973016636
