lambda,R2,RE,CE,nRMSE,KGE
0,0.910894043946695,0.912208670372391,0.911853448622848,0.435426853814148,0.922650327292476
