lambda,R2,RE,CE,nRMSE,KGE
10,0.788050041734367,0.789495712258172,0.787281931954269,0.631100442342306,0.828668364835975
