lambda,R2,RE,CE,nRMSE,KGE
10,0.833761688994206,0.862679762225996,0.856844800687084,0.540661729937012,0.841039930448532
